Ticker,Title,Description,Date,Source
MSFT,"Marvell’s CEO Says the Company Didn’t Lose Any Orders. Why Was Wall Street So Worried, and How Should You Play MRVL Stock Here?","Marvell’s recent selloff reflects market fears over potential loss of hyperscaler orders, but management and some analysts push back on those concerns, raising the key question of how investors should position in MRVL stock now.",2025-12-15 17:18:31,barchart
MSFT,Microsoft (NASDAQ:MSFT) Price Target Cut to $625.00 by Analysts at Wolfe Research,"Microsoft (NASDAQ:MSFT – Get Free Report) had its target price cut by analysts at Wolfe Research from $675.00 to $625.00 in a research report issued to clients and investors on Monday,MarketScreener reports. The firm presently has an “outperform” rating on the software giant’s stock. Wolfe Research’s price objective would indicate a potential upside of 31.05% [...]",2025-12-15 14:51:15,thelincolnianonline
MSFT,Rep. Julie Johnson Sells Off Shares of Microsoft Corporation (NASDAQ:MSFT),"Representative Julie Johnson (D-Texas) recently sold shares of Microsoft Corporation (NASDAQ:MSFT). In a filing disclosed on December 11th, the Representative disclosed that they had sold between $1,001 and $15,000 in Microsoft stock on November 13th. The trade occurred in the Representative’s “CHASE BROKERAGE ACCOUNT (3935)” account. Representative Julie Johnson also recently made the following trade(s): [...]",2025-12-15 14:19:01,watchlistnews
MSFT,Rep. Julie Johnson Sells Off Shares of Microsoft Corporation (NASDAQ:MSFT),"Representative Julie Johnson (D-Texas) recently sold shares of Microsoft Corporation (NASDAQ:MSFT). In a filing disclosed on December 11th, the Representative disclosed that they had sold between $1,001 and $15,000 in Microsoft stock on November 13th. The trade occurred in the Representative’s “CHASE BROKERAGE ACCOUNT (3935)” account. Representative Julie Johnson also recently made the following trade(s): [...]",2025-12-15 14:18:57,tickerreport
MSFT,"Amazon’s ‘Responsible AI’ Pledge Questioned As Shareholders Target Its Contracts With Israeli Military, DHS: Report",The ABHMS resolution pointed to legal and reputational risks to Amazon arising from its business ties with the two entities.,2025-12-15 13:50:17,newsable_asianetnews
MSFT,FVAL: Well-Positioned For Outperformance (Rating Upgrade),Fidelity Value Factor is a buy amid market uncertainty. Click here to find out how FVAL ETF's value strategy offers growth with lower volatility.,2025-12-15 13:47:12,seekingalpha
MSFT,Morgan Stanley Analyst Keeps A Buy Rating On Microsoft Corporation (MSFT),"Microsoft Corporation (NASDAQ:MSFT) is among the 12 Best Performing Dow Stocks in 2025. Morgan Stanley analyst Keith Weiss reaffirmed a Buy rating on Microsoft Corporation (NASDAQ:MSFT) and set a price objective of $650 on December 8, 2025. Further developments followed on December 9 from theFly, where Jefferies stated that OpenAI’s hiring of Denise Dresser, the [...]",2025-12-15 13:47:00,insidermonkey
MSFT,Microsoft Corporation $MSFT is State of Wyoming’s 8th Largest Position,"State of Wyoming lowered its position in Microsoft Corporation (NASDAQ:MSFT – Free Report) by 19.6% during the second quarter, Holdings Channel reports. The institutional investor owned 14,204 shares of the software giant’s stock after selling 3,455 shares during the quarter. Microsoft comprises approximately 0.9% of State of Wyoming’s investment portfolio, making the stock its 8th [...]",2025-12-15 13:22:56,watchlistnews
MSFT,Microsoft Corporation $MSFT Shares Sold by Liontrust Investment Partners LLP,"Liontrust Investment Partners LLP lowered its position in Microsoft Corporation (NASDAQ:MSFT – Free Report) by 3.8% in the second quarter, Holdings Channel.com reports. The fund owned 515,470 shares of the software giant’s stock after selling 20,265 shares during the period. Microsoft makes up 3.7% of Liontrust Investment Partners LLP’s investment portfolio, making the stock its [...]",2025-12-15 13:22:55,watchlistnews
NVDA,"Nvidia Is Trading on Execution, Not Hype, as Data Center Dominance Expands","Market Analysis by covering: NVIDIA Corporation, Advanced Micro Devices Inc, United States 10-Year, Taiwan Semiconductor Manufacturing. Read 's Market Analysis on Investing.com",2025-12-15 18:33:00,investing_us
NVDA,"Hedge Fund and Insider Trading News: AQR Capital Management, Bridgewater Associates, Shiprock Capital Management, Totus Capital, Sage Capital, Global Payments Inc (GPN), FibroBiologics Inc. (FBLG), and More","Bridgewater Warns Big Tech’s Reliance on External Capital to Fund AI Boom is ‘Dangerous’ (Reuters) AQR Roars Back With $179 Billion in Assets and Taste for Secrecy (Bloomberg) Boozy Hedge-Fund Scion Flips Golf Cart at $15M Hamptons Estate, Leaving Pals with Broken Back and Bleeding Skull: Suit (New York Post) 10 Stocks on Jim Cramer’s [...]",2025-12-15 18:32:31,insidermonkey
NVDA,2026 Market Outlook: My Big Bet On Real Assets As AI Optimism Peaks,Discover the emerging risks facing markets in 2026 and how to position your portfolio differently.,2025-12-15 18:00:00,seekingalpha
NVDA,Nvidia: H200 China Sales And The Margin Tradeoff,"Explore a detailed analysis of Nvidia Corporation's potential revenue upside and growth forecasts, including insights on H200 fees. Click for this NVDA update.",2025-12-15 17:34:09,seekingalpha
NVDA,SoftBank CEO Masayoshi Son Just Delivered Incredible News to Nvidia Investors,The billionaire investor recently addressed why his holding company unloaded its $5.8 billion stake in Nvidia.,2025-12-15 17:16:00,fool
NVDA,"Nvidia acquires SchedMD, which provides open-source software workload manager for HPC and AI","Nvidia acquires SchedMD, creator of Slurm workload manager, boosting open-source HPC and AI innovation.",2025-12-15 17:05:17,seekingalpha
NVDA,This Analyst Sees Nvidia at $8.5 Trillion Next Year. Is It Even Possible?,"Analyst price targets on Nvidia (NASDAQ:NVDA) stock were initially all over the place. The rally has continued for over 3 years, with both revenue still growing at breakneck speeds. Some analysts are now making bolder moves and are starting to coalesce near even more ambitious targets. The highest such recent price target projects NVDA stock ... This Analyst Sees Nvidia at $8.5 Trillion Next Year. Is It Even Possible?The post This Analyst Sees Nvidia at $8.5 Trillion Next Year. Is It Even Possible? appeared first on 24/7 Wall St..",2025-12-15 17:01:21,wallst_247
NVDA,Intel: This Is The Comeback Of A Lifetime,"Intel's client computing and foundry businesses are gaining momentum, driven by new CPU launches and strategic partnerships, notably with Nvidia. Learn more about INTC stock here.",2025-12-15 17:00:02,seekingalpha
NVDA,Stocks Turn Lower on AI Spending Concerns,"The S&P 500 Index ($SPX ) (SPY ) today is down by -0.15%, the Dow Jones Industrials Index ($DOWI ) (DIA ) is down by -0.24%, and the Nasdaq 100 Index ($IUXX ) (QQQ ) is down by -0.26%. December E-mini S&P futures (ESZ25 ) are down -0.18%, an...",2025-12-15 16:56:50,barchart
NVDA,Forget the AI Bubble and Buy Nvidia Stock for 2026: Here’s Why,"Nvidia stock has come off its 2025 highs, among others, amid concerns over the feared AI bubble. However, it makes sense to buy NVDA stock at these valuations.",2025-12-15 16:23:31,barchart
AAPL,Apple iPhone Lead Times Are Stretching — Analyst Sees Strong Year-End Demand,"Apple Inc (NASDAQ:AAPL) is showing signs of resilient iPhone demand heading into year-end, as delivery lead times for its latest models continue to lengthen across key global markets.JPMorgan analyst Samik Chatterjee maintained an Overweight rating on Apple.iPhone 17 Lead Times Signal Strong DemandIn Week 14, iPhone 17 lead times increased by one day, signaling stronger year-over-year demand, Chatterjee noted. By contrast, iPhone 16 lead times stayed flat during the same period last year, as per the analyst.On average, lead times now run around five days, up from three days a year ago, he noted. Therefore, demand appears stronger and more durable into year-end, Chatterjee said. As a result, Apple remains positioned to deliver double-digit iPhone revenue growth in fiscal first-quarter 2026, the analyst noted.Notably, base-model lead times exceed one week, making them the primary driver of higher demand, ...Full story available on Benzinga.com",2025-12-15 17:04:44,benzinga
AAPL,Forget the AI Bubble and Buy Nvidia Stock for 2026: Here’s Why,"Nvidia stock has come off its 2025 highs, among others, amid concerns over the feared AI bubble. However, it makes sense to buy NVDA stock at these valuations.",2025-12-15 16:23:31,barchart
AAPL,12 Days of Investing: My Top 12 Stocks to Buy Before 2026,"The following players span a variety of industries, so if you pick up more than one, you may gain in diversification.",2025-12-15 16:10:00,fool
AAPL,Rep. Richard McCormick Purchases Shares of Apple Inc. (NASDAQ:AAPL),"Representative Richard McCormick (R-Georgia) recently bought shares of Apple Inc. (NASDAQ:AAPL). In a filing disclosed on December 09th, the Representative disclosed that they had bought between $1,001 and $15,000 in Apple stock on November 5th. Representative Richard McCormick also recently made the following trade(s): Purchased $1,001 – $15,000 in shares of PepsiCo (NASDAQ:PEP) on 11/5/2025. [...]",2025-12-15 14:48:44,tickerreport
AAPL,Stance Capital LLC Invests $3.45 Million in Apple Inc. $AAPL,"Stance Capital LLC acquired a new stake in shares of Apple Inc. (NASDAQ:AAPL – Free Report) during the second quarter, according to its most recent filing with the Securities & Exchange Commission. The firm acquired 16,835 shares of the iPhone maker’s stock, valued at approximately $3,454,000. Apple makes up about 1.3% of Stance Capital LLC’s [...]",2025-12-15 13:57:05,thelincolnianonline
AAPL,FVAL: Well-Positioned For Outperformance (Rating Upgrade),Fidelity Value Factor is a buy amid market uncertainty. Click here to find out how FVAL ETF's value strategy offers growth with lower volatility.,2025-12-15 13:47:12,seekingalpha
AAPL,TT Capital Management LLC Acquires New Stake in Apple Inc. $AAPL,"TT Capital Management LLC bought a new stake in Apple Inc. (NASDAQ:AAPL – Free Report) during the second quarter, according to the company in its most recent Form 13F filing with the Securities & Exchange Commission. The institutional investor bought 4,630 shares of the iPhone maker’s stock, valued at approximately $939,000. Several other institutional investors [...]",2025-12-15 13:24:56,themarketsdaily
AAPL,1 Reason I'm Watching Apple Heading Into 2026,Apple shares have climbed 40% just in the past six months.,2025-12-15 13:09:00,fool
AAPL,Saratoga Research & Investment Management Lowers Holdings in Apple Inc. $AAPL,"Saratoga Research & Investment Management trimmed its stake in Apple Inc. (NASDAQ:AAPL – Free Report) by 43.7% during the 2nd quarter, HoldingsChannel reports. The fund owned 133,633 shares of the iPhone maker’s stock after selling 103,809 shares during the quarter. Apple comprises 1.5% of Saratoga Research & Investment Management’s holdings, making the stock its 22nd [...]",2025-12-15 12:06:45,themarketsdaily
AAPL,North Dallas Bank & Trust Co. Takes $5.89 Million Position in Apple Inc. $AAPL,"North Dallas Bank & Trust Co. purchased a new stake in Apple Inc. (NASDAQ:AAPL – Free Report) in the 2nd quarter, according to the company in its most recent Form 13F filing with the SEC. The fund purchased 28,697 shares of the iPhone maker’s stock, valued at approximately $5,888,000. Apple makes up 4.5% of North [...]",2025-12-15 12:06:43,watchlistnews
AMZN,"""Streaming Stocks NFLX AMZN ROKU TOON PSKY to Watch Now!""","As the global streaming and digital media landscape enters a new phase of consolidation, platform competition, and content monetization, investors are increasingly focused on streaming stocks with scale, growth catalysts, and acquisition optionality. From established giants to emerging IP-driven players,",2025-12-15 19:08:02,openpr
AMZN,"Marvell’s CEO Says the Company Didn’t Lose Any Orders. Why Was Wall Street So Worried, and How Should You Play MRVL Stock Here?","Marvell’s recent selloff reflects market fears over potential loss of hyperscaler orders, but management and some analysts push back on those concerns, raising the key question of how investors should position in MRVL stock now.",2025-12-15 17:18:31,barchart
AMZN,Amazon’s same-day grocery delivery serves as magnet for parcel business,Amazon has more than doubled its same-day delivery footprint for fresh groceries since the summer. The post Amazon’s same-day grocery delivery serves as magnet for parcel business appeared first on FreightWaves.,2025-12-15 17:14:20,freightwaves
AMZN,"Meta Platforms Is Considering a Pivot to ‘Closed’ AI Models. What Does That Mean, and Why Don’t META Stock Investors Like It?","META stock is down on reports that its upcoming Avocado AI model could be a closed model, representing a pivot from the current strategy.",2025-12-15 16:51:36,barchart
AMZN,12 Days of Investing: My Top 12 Stocks to Buy Before 2026,"The following players span a variety of industries, so if you pick up more than one, you may gain in diversification.",2025-12-15 16:10:00,fool
AMZN,iRobot Files for Chapter 11 Amid Rising Competition and Tariff Pressures,"Shareholders of common stock ""will experience a total loss.""",2025-12-15 15:12:00,fool
AMZN,"Amazon.com, Inc. $AMZN is Silicon Valley Capital Partners’ 9th Largest Position","Silicon Valley Capital Partners lifted its stake in shares of Amazon.com, Inc. (NASDAQ:AMZN – Free Report) by 1.4% during the 2nd quarter, according to the company in its most recent filing with the Securities & Exchange Commission. The firm owned 167,148 shares of the e-commerce giant’s stock after acquiring an additional 2,253 shares during the [...]",2025-12-15 13:50:44,watchlistnews
AMZN,"Amazon’s ‘Responsible AI’ Pledge Questioned As Shareholders Target Its Contracts With Israeli Military, DHS: Report",The ABHMS resolution pointed to legal and reputational risks to Amazon arising from its business ties with the two entities.,2025-12-15 13:50:17,newsable_asianetnews
AMZN,"Guggenheim Initiates A Bullish Rating On Amazon.com, Inc. (AMZN)","Amazon.com, Inc. (NASDAQ:AMZN) is among the 12 Best Performing Dow Stocks in 2025. Guggenheim started covering Amazon.com, Inc. (NASDAQ:AMZN) on December 9 with a $300 price target and a buy rating, according to TheFly. Although the retail industry is still viewed as “structurally sick,” the firm pointed out that many businesses are running close to [...]",2025-12-15 13:43:23,insidermonkey
GOOGL,"Meta Platforms Is Considering a Pivot to ‘Closed’ AI Models. What Does That Mean, and Why Don’t META Stock Investors Like It?","META stock is down on reports that its upcoming Avocado AI model could be a closed model, representing a pivot from the current strategy.",2025-12-15 16:51:36,barchart
GOOGL,Alphabet Is Preparing Its Death Blow to Cable TV as We Know It,The change that most of the industry has been hoping to avoid is finally being forced upon it.,2025-12-15 16:45:00,fool
GOOGL,Forget the AI Bubble and Buy Nvidia Stock for 2026: Here’s Why,"Nvidia stock has come off its 2025 highs, among others, amid concerns over the feared AI bubble. However, it makes sense to buy NVDA stock at these valuations.",2025-12-15 16:23:31,barchart
GOOGL,Zillow stocks tank after report that Google is testing sale listings,Zillow stock drops 11% after Google tests home sale listings in search results.,2025-12-15 16:21:32,seekingalpha
GOOGL,Google Is Planning to Launch AI Glasses in 2026. This 1 Stock to Buy Could Be the Biggest Winner.,"Warby Parker is a high‐multiple eyewear stock with solid double‐digit revenue growth that now has Google’s capital and AI platform behind a 2026 smart‐glasses launch, putting it in a rare position to benefit directly if AI eyewear goes mainstream.",2025-12-15 15:45:49,barchart
GOOGL,Alphabet Inc. $GOOGL Shares Bought by MRP Capital Investments LLC,"MRP Capital Investments LLC grew its position in Alphabet Inc. (NASDAQ:GOOGL – Free Report) by 59.9% during the second quarter, Holdings Channel.com reports. The firm owned 8,860 shares of the information services provider’s stock after acquiring an additional 3,320 shares during the period. Alphabet accounts for approximately 1.1% of MRP Capital Investments LLC’s holdings, making [...]",2025-12-15 15:10:43,watchlistnews
GOOGL,MRP Capital Investments LLC Increases Position in Alphabet Inc. $GOOGL,"MRP Capital Investments LLC grew its holdings in Alphabet Inc. (NASDAQ:GOOGL – Free Report) by 59.9% during the second quarter, according to its most recent 13F filing with the Securities and Exchange Commission (SEC). The institutional investor owned 8,860 shares of the information services provider’s stock after purchasing an additional 3,320 shares during the quarter. [...]",2025-12-15 15:10:42,tickerreport
GOOGL,Technology Stocks To Research – December 12th,"NVIDIA, Broadcom, Oracle, Alphabet, and Palantir Technologies are the five Technology stocks to watch today, according to MarketBeat’s stock screener tool. Technology stocks are shares of companies that develop, manufacture, or provide services based on information and digital technologies — including software, hardware, semiconductors, internet platforms, and IT services. Investors typically view them as growth-oriented [...]",2025-12-15 14:52:57,watchlistnews
GOOGL,"Alphabet Trades Near Fair Value Even After a 65% Rally, Backed by AI Growth","Market Analysis by covering: Alphabet Inc Class A, Berkshire Hathaway B. Read 's Market Analysis on Investing.com",2025-12-15 14:44:00,investing_us
GOOGL,"Alphabet's AI Chops Caught Up, But The Stock Needs A Reset",Google’s AI-driven growth is fueling high valuations but faces challenges ahead. Click here to learn if GOOGL stock offers upside now.,2025-12-15 14:00:00,seekingalpha
GOOG,"Meta Platforms Is Considering a Pivot to ‘Closed’ AI Models. What Does That Mean, and Why Don’t META Stock Investors Like It?","META stock is down on reports that its upcoming Avocado AI model could be a closed model, representing a pivot from the current strategy.",2025-12-15 16:51:36,barchart
GOOG,Alphabet Is Preparing Its Death Blow to Cable TV as We Know It,The change that most of the industry has been hoping to avoid is finally being forced upon it.,2025-12-15 16:45:00,fool
GOOG,Forget the AI Bubble and Buy Nvidia Stock for 2026: Here’s Why,"Nvidia stock has come off its 2025 highs, among others, amid concerns over the feared AI bubble. However, it makes sense to buy NVDA stock at these valuations.",2025-12-15 16:23:31,barchart
GOOG,Zillow stocks tank after report that Google is testing sale listings,Zillow stock drops 11% after Google tests home sale listings in search results.,2025-12-15 16:21:32,seekingalpha
GOOG,Google Is Planning to Launch AI Glasses in 2026. This 1 Stock to Buy Could Be the Biggest Winner.,"Warby Parker is a high‐multiple eyewear stock with solid double‐digit revenue growth that now has Google’s capital and AI platform behind a 2026 smart‐glasses launch, putting it in a rare position to benefit directly if AI eyewear goes mainstream.",2025-12-15 15:45:49,barchart
GOOG,"Stark Wealth Management LLC Invests $527,000 in Alphabet Inc. $GOOG","Stark Wealth Management LLC purchased a new stake in shares of Alphabet Inc. (NASDAQ:GOOG – Free Report) during the 2nd quarter, Holdings Channel reports. The fund purchased 2,969 shares of the information services provider’s stock, valued at approximately $527,000. Other institutional investors also recently bought and sold shares of the company. RDA Financial Network grew [...]",2025-12-15 14:52:59,watchlistnews
GOOG,Prospera Capital Management LLC Makes New Investment in Alphabet Inc. $GOOG,"Prospera Capital Management LLC bought a new stake in Alphabet Inc. (NASDAQ:GOOG – Free Report) during the second quarter, HoldingsChannel reports. The fund bought 2,372 shares of the information services provider’s stock, valued at approximately $421,000. Several other hedge funds and other institutional investors have also recently bought and sold shares of the stock. Vanguard [...]",2025-12-15 14:52:58,watchlistnews
GOOG,"Stark Wealth Management LLC Invests $527,000 in Alphabet Inc. $GOOG","Stark Wealth Management LLC acquired a new position in Alphabet Inc. (NASDAQ:GOOG – Free Report) in the 2nd quarter, according to its most recent 13F filing with the Securities and Exchange Commission. The institutional investor acquired 2,969 shares of the information services provider’s stock, valued at approximately $527,000. A number of other institutional investors also [...]",2025-12-15 14:52:56,tickerreport
GOOG,Prospera Capital Management LLC Makes New Investment in Alphabet Inc. $GOOG,"Prospera Capital Management LLC bought a new stake in Alphabet Inc. (NASDAQ:GOOG – Free Report) during the second quarter, according to the company in its most recent 13F filing with the Securities and Exchange Commission (SEC). The firm bought 2,372 shares of the information services provider’s stock, valued at approximately $421,000. Several other institutional investors [...]",2025-12-15 14:52:55,tickerreport
GOOG,Virtus Zevenbergen Technology Fund Q3 2025 Performance Review,"The Virtus Zevenbergen Technology Fund returned 11.56% (Class INST) in the quarter, trailing its comparison benchmark, the S&P North American Technology Sector Index’s 13.14% return.",2025-12-15 14:41:00,seekingalpha
META,"AI Voice Generator Market Future Development, Recent Trends, Growth, Size, Share, Top Companies and Industry Analysis","AI Voice Generator Market By Voice Generation Platform, Technology (Neural Text-to-Speech (TTS) Engine & Speech Synthesis, Real-Time Speech-to-Speech (S2S)), Application (Narration, Voiceovers, Dubbing, Localization) - Global Forecast to 2031.The AI Voice Generator Market [https://www.marketsandmarkets.com/Market-Reports/ai-voice-generator-market-144271159.html?utm_campaign=aivoicegeneratormarket&utm_source=abnewswire.com&utm_medium=referral] is expected to increase at a",2025-12-15 19:26:02,openpr
META,Actor Joseph Gordon-Levitt wonders why AI companies don’t have to ‘follow any laws’,"Gordon-Levitt said that, without establishing the principle that a person's digital work belongs to them, the industry is heading down a ""pretty dystopian road.""",2025-12-15 19:06:53,fortune
META,Disney Sends Letter To Tech Company Claiming Copyright Infringement,"Disney has sent a cease-and-desist letter to Google, accusing the company of widespread copyright infringement involving its popular characters and franchises. The complaint centers around Google’s artificial intelligence tools, which Disney claims are illegally using and generating content based on its intellectual property without permission. The letter, obtained by TheWrap, was written by attorney David [...]",2025-12-15 18:29:54,ijr
META,Report: Mark Zuckerberg's Meta Tolerated Rampant Ad Fraud from China to Protect Profits,A new investigation by Reuters claims that Meta decided to accept high levels of fraudulent advertisements from China on its platforms including Facebook and Instagram to minimize negative impact to its ad revenue according to internal company documents.The post Report: Mark Zuckerberg’s Meta Tolerated Rampant Ad Fraud from China to Protect Profits appeared first on Breitbart.,2025-12-15 18:06:18,breitbart
META,"Microsoft Expands Bug Bounty to Third-Party Code, Offers Up to $100K Rewards","Microsoft has expanded its bug bounty program with ""In Scope by Default,"" rewarding researchers for critical vulnerabilities in third-party and open-source code affecting services like Azure and Office 365. This initiative, part of the Secure Future Initiative, addresses supply chain risks and incentivizes ethical hacking with payouts up to $100,000. It aims to enhance overall ecosystem security.",2025-12-15 18:04:58,webpronews
META,Trump calls for federal policy framework preempting state AI laws,The executive order comes as Big Tech pushes back on local AI regulation while pouring billions into building out AI infrastructure and deploying new products.,2025-12-15 18:00:00,cfodive
META,2026 Market Outlook: My Big Bet On Real Assets As AI Optimism Peaks,Discover the emerging risks facing markets in 2026 and how to position your portfolio differently.,2025-12-15 18:00:00,seekingalpha
META,"Threads adds new communities, tests badges for highly engaged members","Threads, which has more than 150 million daily active users, adds more communities to its platform.",2025-12-15 18:00:00,techcrunch
META,Will the SpaceX IPO send this FTSE 100 stock into orbit?,How can British investors get exposure to SpaceX? Here is one FTSE 100 stock that might be perfect for those who wish to invest in the aerospace firm.The post Will the SpaceX IPO send this FTSE 100 stock into orbit? appeared first on The Motley Fool UK.,2025-12-15 17:57:00,fool_uk
META,Motor Mouth: Tesla board members' compensation outside industry norms,Reuters report analyzes how automaker board's being paid in stock options instead of shares raises questions,2025-12-15 17:34:52,driving
TSLA,"Bitcoin, Ethereum ETF Interest Shows Signs Of Life—But BTC, ETH Price Action Does Not","Bitcoin (CRYPTO: BTC) and Ethereum (CRYPTO: ETH) prices have remained range-bound over the past month, which, according to market observers, contrasts recovering ETF interest.What Happened: According to market commentator Bull Theory, ETFs are now absorbing all, or more than all, of the newly issued Bitcoin and Ethereum supply, yet prices have failed to respond meaningfully.Over the past week, Ethereum ETFs accumulated roughly 3.6 times more ETH than was issued, while Bitcoin ETFs absorbed slightly over 100% of new BTC supply. The lack of price movement suggests continued selling from existing holders, with coins rotating ...Full story available on Benzinga.com",2025-12-15 19:32:48,benzinga
TSLA,Cipher Mining Stock Is Sliding Today: What's Happening?,"Cipher Mining Inc (NASDAQ:CIFR) shares slipped on Monday as Bitcoin's (CRYPTO: BTC) pullback weighed on crypto‐linked names and momentum stocks more broadly.Cipher Mining stock is showing notable weakness. Why is CIFR stock falling?What Happened: Bitcoin dropped below $86,000 on Monday as traders stepped back ahead of key macro events. The cryptocurrency has been consolidating after its sharp, 80% post‐election surge in 2024, which briefly drove prices into the $120,000 to $125,000 zone. Bitcoin remains pinned under a falling trendline that has guided prices lower since October. Each ...Full story available on Benzinga.com",2025-12-15 19:26:39,benzinga
TSLA,"Bitcoin, Ethereum Plummet 5%, But Traders Bet One Will Recover Until 2026","Bitcoin (CRYPTO: BTC) and Ethereum (CRYPTO: ETH) are down over 10% in the last 30 days, but traders are betting on ETH to outperform until the end of the year. What Happened: Michael van de Poppe noted that Bitcoin is currently in a corrective phase, while Ethereum continues to show relative strength by holding up well during the pullback. This divergence is seen as constructive for ETH despite broader market weakness.BTC's Most Likely SweepVan de Poppe outlined three downside scenarios for Bitcoin, all with realistic odds:Most likely: A sweep of the ...Full story available on Benzinga.com",2025-12-15 18:43:54,benzinga
TSLA,"Tesla, iRobot, ServiceNow, Radiopharm Theranostics, Kyverna Therapeutics: Stocks Making The Biggest Moves Today",Tesla shares were up nearly 4% in Monday’s midday trade after CEO Elon Musk stated in a post on Sunday that the EV giant had begun fully autonomous testing of Robotaxis in Austin.,2025-12-15 18:35:03,newsable_asianetnews
TSLA,Promising Electric Vehicle Stocks To Research – December 15th,"Tesla, Rivian Automotive, and QuantumScape are the three Electric Vehicle stocks to watch today, according to MarketBeat’s stock screener tool. Electric vehicle stocks are shares of publicly traded companies whose core business is designing, manufacturing or supporting electric vehicles — including automakers, battery and component suppliers, charging-infrastructure providers and EV-focused software firms. For investors, these [...]",2025-12-15 18:23:20,themarketsdaily
TSLA,Energy Stocks To Add to Your Watchlist – December 15th,"Tesla, GE Vernova, and AltC Acquisition are the three Energy stocks to watch today, according to MarketBeat’s stock screener tool. Energy stocks are shares of companies involved in producing, refining, transporting, or supplying energy — including oil and gas explorers and producers, pipeline and service companies, utilities, and renewable energy firms. For investors, they offer [...]",2025-12-15 18:23:12,tickerreport
TSLA,Why Tesla Stock Hit an All-Time High Today,"Tesla's stock reached its all-time closing high today, marking the first time it's achieved this level in a year.",2025-12-15 17:44:31,fool
TSLA,Wall Street Lunch: Tesla To The Moon,Wedbush says Tesla market cap will hit $2T next year. ServiceNow slumps on deal report. Netflix leadership seeks to assuage deal worries.,2025-12-15 17:35:33,seekingalpha
TSLA,Motor Mouth: Tesla board members' compensation outside industry norms,Reuters report analyzes how automaker board's being paid in stock options instead of shares raises questions,2025-12-15 17:34:52,driving
TSLA,Direxion Daily TSLA Bull 2X Shares (NASDAQ:TSLL) Shares Gap Up – Time to Buy?,"Direxion Daily TSLA Bull 2X Shares (NASDAQ:TSLL – Get Free Report)’s stock price gapped up before the market opened on Monday . The stock had previously closed at $20.28, but opened at $21.20. Direxion Daily TSLA Bull 2X Shares shares last traded at $21.87, with a volume of 33,349,482 shares changing hands. Direxion Daily TSLA [...]",2025-12-15 17:22:45,watchlistnews
AVGO,Did the QQQ Bull Run Just End? Here’s Why This Candlestick is a Bearish Confirmation.,"Our senior chart strategist explains why a major change just happened in the market, and what investors need to know about it now.",2025-12-15 18:14:01,barchart
AVGO,BUZZ: Playing With Meme Stock Risk,VanEck Social Sentiment ETF invests in the top 75 large-cap U.S. stocks with favorable social momentum. Click here to read why BUZZ ETF is a Hold.,2025-12-15 17:33:11,seekingalpha
AVGO,"Marvell’s CEO Says the Company Didn’t Lose Any Orders. Why Was Wall Street So Worried, and How Should You Play MRVL Stock Here?","Marvell’s recent selloff reflects market fears over potential loss of hyperscaler orders, but management and some analysts push back on those concerns, raising the key question of how investors should position in MRVL stock now.",2025-12-15 17:18:31,barchart
AVGO,"Broadcom Stock Dips Post Earnings: Is AVGO a Buy, Sell, or Hold?",Broadcom heads into 2026 with strong momentum. Wall Street analysts maintain a “Strong Buy” consensus for the stock.,2025-12-15 16:52:58,barchart
AVGO,12 Days of Investing: My Top 12 Stocks to Buy Before 2026,"The following players span a variety of industries, so if you pick up more than one, you may gain in diversification.",2025-12-15 16:10:00,fool
AVGO,New-4-Star-Stocks,Broadcom and Duke are among the stocks that fell into undervalued territory.,2025-12-15 16:09:52,morningstar_com
AVGO,Thrivent Financial for Lutherans Has $622.52 Million Stock Holdings in Broadcom Inc. $AVGO,"Thrivent Financial for Lutherans lifted its holdings in shares of Broadcom Inc. (NASDAQ:AVGO – Free Report) by 9.5% during the second quarter, according to the company in its most recent Form 13F filing with the SEC. The firm owned 2,259,208 shares of the semiconductor manufacturer’s stock after purchasing an additional 196,570 shares during the period. [...]",2025-12-15 15:14:44,themarketsdaily
AVGO,Technology Stocks To Research – December 12th,"NVIDIA, Broadcom, Oracle, Alphabet, and Palantir Technologies are the five Technology stocks to watch today, according to MarketBeat’s stock screener tool. Technology stocks are shares of companies that develop, manufacture, or provide services based on information and digital technologies — including software, hardware, semiconductors, internet platforms, and IT services. Investors typically view them as growth-oriented [...]",2025-12-15 14:52:57,watchlistnews
AVGO,Broadcom's $6 Billion AI Quarter Carries A Risk Nvidia Bulls Don't Worry About,"Broadcom Inc (NASDAQ:AVGO) may have delivered strong AI revenue growth that grabbed headlines, but a deeper look at how that growth is structured highlights a risk that's less of a concern for Nvidia Corp (NASDAQ:NVDA) — concentration of demand and future margin pressures tied to its custom silicon business.Track AVGO stock here.Broadcom’s AI Revenue Growing Fast But With Margin PressureBroadcom's AI-related revenue has been expanding rapidly. In its third-quarter earnings, the company reported roughly $6.5 billion in AI chip sales, up approximately 74% year over year, and forecast AI revenue could double to about $8.2 billion next quarter.That growth is largely driven by custom AI accelerators and related silicon tailored to specific hyperscale customers, rather than by standardized products sold ...Full story available on Benzinga.com",2025-12-15 14:28:18,benzinga
AVGO,"PVG Asset Management Corp Acquires 1,564 Shares of Broadcom Inc. $AVGO","PVG Asset Management Corp lifted its holdings in Broadcom Inc. (NASDAQ:AVGO – Free Report) by 119.4% in the second quarter, according to its most recent disclosure with the Securities & Exchange Commission. The fund owned 2,874 shares of the semiconductor manufacturer’s stock after buying an additional 1,564 shares during the quarter. Broadcom comprises 2.7% of [...]",2025-12-15 14:00:44,watchlistnews
JPM,JPMorgan Investment Banking Chief Plans Exit After 45 Years As Bank Ramps Up AI And Braces For $105B Costs: Report,"According to Grant’s Linkedin profile, he joined the lender in 1980 as an investment banker after graduating from Oxford University and rose to be the global chairman of Investment banking.",2025-12-15 19:35:04,newsable_asianetnews
JPM,3 Finance Stocks to Buy on Rising 10-Year Treasury Rates,"Market Analysis by covering: JPMorgan Chase & Co, Morgan Stanley, Prudential Financial Inc, United States 10-Year. Read 's Market Analysis on Investing.com",2025-12-15 19:16:00,investing_us
JPM,Promising Bank Stocks To Keep An Eye On – December 15th,"JPMorgan Chase & Co., Bank of America, and Citigroup are the three Bank stocks to watch today, according to MarketBeat’s stock screener tool. Bank stocks are shares of publicly traded banks and other deposit-taking financial institutions, representing ownership in those companies. For investors, they provide exposure to banks’ core activities—lending, deposit-taking, and fee services—and their [...]",2025-12-15 18:23:13,tickerreport
JPM,JPMorgan Stock Hits All-Time High: What's Going On?,"Shares of JPMorgan Chase (NASDAQ:JPM) are trending higher on Monday. Here’s what investors need to know.JPMorgan Chase stock is trading near recent highs. Where are JPM shares going?What To Know: JPMorgan announced Monday that its asset management division’s first tokenized money market fund is now available on the Ethereum blockchain, making it the largest global systemically important bank to launch a tokenized money market fund on a public blockchain.The fund invests only in traditional U.S. Treasury securities and repurchase agreements fully collateralized by U.S. Treasury securities. John Donohue, the head of global liquidity at JP Morgan Asset Management, said tokenization will change the speed and efficiency of transactions.JPMorgan shares are bouncing back this week and briefly hit fresh highs ...Full story available on Benzinga.com",2025-12-15 18:22:52,benzinga
JPM,"JPMorgan Chase & Co. (NYSE:JPM) Stock Price Expected to Rise, TD Cowen Analyst Says","JPMorgan Chase & Co. (NYSE:JPM) had its target price raised by stock analysts at TD Cowen from $370.00 to $375.00 in a report issued on Monday,MarketScreener reports. The brokerage presently has a “buy” rating on the financial services provider’s stock. TD Cowen’s price objective points to a potential upside of 16.31% from the stock’s previous [...]",2025-12-15 15:54:44,watchlistnews
JPM,JPMorgan Chase & Co. (NYSE:JPM) Price Target Raised to $375.00,"JPMorgan Chase & Co. (NYSE:JPM) had its target price upped by equities research analysts at TD Cowen from $370.00 to $375.00 in a note issued to investors on Monday,MarketScreener reports. The firm presently has a “buy” rating on the financial services provider’s stock. TD Cowen’s target price would indicate a potential upside of 16.31% from [...]",2025-12-15 15:54:43,tickerreport
LLY,Google’s ‘dark web report’ feature will no longer be available starting in February,"Google has revealed that its “dark web report” feature will be discontinued starting February 16, 2026. Launched initially about a year and a half ago, this tool aimed to help users monitor their personal information on the dark web For some users, the dark web report seemed like a valuable tool, scanning various data breach [...]",2025-12-15 19:19:18,techcrunch
LLY,Promising Pharmaceutical Stocks To Watch Now – December 15th,"Eli Lilly and Company, Pfizer, and AbbVie are the three Pharmaceutical stocks to watch today, according to MarketBeat’s stock screener tool. Pharmaceutical stocks are shares of publicly traded companies that research, develop, manufacture, and sell prescription drugs and related therapies. For investors, they offer exposure to potential high growth from successful drug pipelines and approvals, [...]",2025-12-15 18:23:20,themarketsdaily
LLY,Eli Lilly and Company $LLY Shares Purchased by NWF Advisory Services Inc.,"NWF Advisory Services Inc. increased its position in shares of Eli Lilly and Company (NYSE:LLY – Free Report) by 103.1% during the second quarter, according to its most recent filing with the Securities & Exchange Commission. The fund owned 1,974 shares of the company’s stock after buying an additional 1,002 shares during the quarter. NWF [...]",2025-12-15 16:58:45,themarketsdaily
LLY,"126,836 Shares in Eli Lilly and Company $LLY Acquired by Munro Partners","Munro Partners acquired a new stake in Eli Lilly and Company (NYSE:LLY – Free Report) during the second quarter, according to the company in its most recent 13F filing with the Securities and Exchange Commission. The firm acquired 126,836 shares of the company’s stock, valued at approximately $98,872,000. Eli Lilly and Company makes up about [...]",2025-12-15 16:58:43,thelincolnianonline
LLY,"V. M. Manning & CO. Inc. Invests $875,000 in Eli Lilly and Company $LLY","V. M. Manning & CO. Inc. bought a new stake in shares of Eli Lilly and Company (NYSE:LLY – Free Report) during the 2nd quarter, according to its most recent filing with the Securities and Exchange Commission (SEC). The fund bought 1,195 shares of the company’s stock, valued at approximately $875,000. Eli Lilly and Company [...]",2025-12-15 16:26:54,themarketsdaily
LLY,Eli Lilly and Company $LLY Shares Sold by Reynders McVeigh Capital Management LLC,"Reynders McVeigh Capital Management LLC decreased its holdings in Eli Lilly and Company (NYSE:LLY – Free Report) by 9.5% during the 2nd quarter, according to the company in its most recent disclosure with the SEC. The fund owned 7,174 shares of the company’s stock after selling 756 shares during the quarter. Reynders McVeigh Capital Management [...]",2025-12-15 15:16:44,tickerreport
LLY,Saratoga Research & Investment Management Has $29.02 Million Position in Eli Lilly and Company $LLY,"Saratoga Research & Investment Management increased its position in shares of Eli Lilly and Company (NYSE:LLY – Free Report) by 22.3% in the second quarter, according to the company in its most recent disclosure with the SEC. The institutional investor owned 37,233 shares of the company’s stock after buying an additional 6,797 shares during the [...]",2025-12-15 15:16:43,thelincolnianonline
LLY,"Kentucky Retirement Systems Sells 3,363 Shares of Eli Lilly and Company $LLY","Kentucky Retirement Systems trimmed its holdings in Eli Lilly and Company (NYSE:LLY – Free Report) by 6.2% in the second quarter, according to the company in its most recent Form 13F filing with the Securities & Exchange Commission. The fund owned 51,318 shares of the company’s stock after selling 3,363 shares during the period. Eli [...]",2025-12-15 15:16:43,thelincolnianonline
LLY,"Thrivent Financial for Lutherans Acquires 52,783 Shares of Eli Lilly and Company $LLY","Thrivent Financial for Lutherans raised its holdings in Eli Lilly and Company (NYSE:LLY – Free Report) by 13.3% during the second quarter, according to the company in its most recent Form 13F filing with the Securities & Exchange Commission. The fund owned 449,927 shares of the company’s stock after acquiring an additional 52,783 shares during [...]",2025-12-15 14:42:43,thelincolnianonline
LLY,"Eli Lilly and Company (NYSE:LLY) Price Target Cut to $1,268.00 by Analysts at Bank of America","Eli Lilly and Company (NYSE:LLY – Get Free Report) had its price objective decreased by analysts at Bank of America from $1,286.00 to $1,268.00 in a research report issued on Monday,Benzinga reports. The firm presently has a “buy” rating on the stock. Bank of America‘s price objective would suggest a potential upside of 23.38% from [...]",2025-12-15 14:10:45,themarketsdaily
V,Stone Laid for Two ₹800 Crore Units at IFFCO Kisan SEZ in Nellore,"He thanked Chief Minister N. Chandrababu Naidu for the recent AP Cabinet meeting clearing the establishment of industries in the 2,700-acre IFFCO Kisan SEZ.",2025-12-15 19:42:26,deccanchronicle
V,"VALUE LINE, INC. ANNOUNCES EARNINGS","NEW YORK, Dec. 15, 2025 (GLOBE NEWSWIRE) -- Value Line, Inc., (NASDAQ: VALU) reported financial results for the first half of its fiscal year, ended October 31, 2025.During the six months ended October 31, 2025, the Company’s net income of $12,142,000, or $1.29 per share, was 4.9% above net income of $11,572,000, or $1.23 per share, for the six months ended October 31, 2024. The Company’s revenues of $10,275,000 from Eulav Asset Management (EAM) increased $1,404,000 or 15.8% above the prior fiscal year. During the six months ended October 31, 2025, the Company’s total investment gains of $3,201,000 was 10.6% above total investment gains in the prior fiscal year. Retained earnings at October 31, 2025, were $119,426,000, an increase of 5.3% compared to retained earnings at April 30, 2025. Shareholders’ equity reached $105,489,000 at October 31, 2025, an increase of 5.8% from the shareholders’ equity of $99,678,000 as of April 30, 2025. The Company’s quarterly report on Form 10-Q has been filed with the SEC and is available on the Company’s website at www.valueline.com/About/corporate_filings.aspx. Shareholders may receive a printed copy, free of charge upon request to the Company at the address above, Attn: Corporate Secretary.Value Line is a leading provider of investment research. The Value Line Investment Survey is one of the most widely used sources of independent equity research. Value Line publishes proprietary investment research in separate print and digital formats. Value Line provides these specialized services: a. Value Line Select - Each month, Value Line analysts recommend the one exceptional stock with superior profit potential and a favorable risk/reward ratio. b. The Value Line Special Situations Service - Each month, Value Line analysts recommend small and mid-cap stocks that hold the potential to transform your portfolio by delivering returns that are well above the market average. c. Value Line Select ETFs - Each month, Value Line analysts sift through the myriad investment possibilities to identify the one exchange traded fund that appears best positioned to outperform the market. d. Value Line Select: Dividend Income & Growth - Each month Value Line analysts make two stock recommendations that are expected to provide above-average current income along with appealing long-term dividend growth prospects. e. The Value Line ETFs Service - includes data, information, and analysis on more than 2,800 exchange-traded funds (ETFs), to help subscribers select the best fit for their portfolios. f. The Value Line M&A Service - Value Line analysts highlight one company each month that is a candidate to be acquired by a larger entity at a material premium to the current stock price. g. Value Line Information You Should Know wealth newsletter - Value Line focuses on financial planning and investment issues that matter for today’s investor. h. The Value Line Climate Change Investing Service - Value Line analysts target a critical issue - climate change, which is expected to spur transformation in the global economy for decades to come. i. Certain Value Line copyrights distributed under agreements including proprietary ranking system information and other information used in 3rd party products. j. The Value Line Options Survey - information and ranks on more than 600,000 options on stocks covering 90% of the market. k. The Value Line Fund Adviser Plus - covers some 19,000 funds, grouped into more than thirty Investment Objective Categories. Our proprietary Ranking System makes it simple to tell whether or not a particular fund is a worthwhile investment. Our approach helps to ensure that investors avoid funds with unsustainable short-term performance, and you can count on our Safety TM rank to help manage your risk. Our professionally selected Model Portfolio names the best funds in eight key categories. l. The Value Line Investment Survey-Small & Mid Cap - print and digital financial information and quantitative analysis on approximately 1,800 companies with market capitalizations of less than $10 billion. m. The Value Line 600- in-depth, independent print research on 600 large and prominent companies. n. The Value Line Investment Survey-Selection & Opinion - Value Line’s weekly economic and stock market commentary, four Model Portfolios, which are actively managed, updated each week, and always contain 20 equities each. o. The Value Line Investment Survey-Smart Investor- a digital service providing investment research covering large, mid and small-cap stocks comprising about 90% of the total U.S. stock market. p. The Value Line Investment Survey-Small Cap Investor - digital financial information and quantitative analysis on approximately 1,800 companies with market capitalizations of less than $10 billion. q. The Value Line Investment Survey-Savvy Investor - a digital package covering more than 3,000 large, mid and small-cap stocks. r. The Value Line Investment Survey-Investor 900 - this digital service provides investment research on 600 of the largest cap stocks plus 300 small- and mid-cap stocks. s. The Value Line Investment Survey-Investor 600 - In-depth, independent digital research on 600 large and prominent companies. t. The Value Line Investment Survey-Investor 2400 - This digital service provides investment research for 600 of the largest cap stocks plus approximately 1,800 small and mid-cap stocks. u. The Value Line Investment Analyzer - This digital only service covers large, mid and small cap stocks comprising about 90% of the U.S. stock market. v. Value Line Investment Analyzer Plus - a digital service that provides complete stock analysis for approximately 6,000 equities. w. Value Line Research Center - A complete, online investment research system that includes all the financial information and tools needed to structure a well-researched and diversified portfolio for stocks, ETFs and mutual funds. x. Value Line Equity Research Center - A complete, online investment research system that includes all of Value Line’s equity research products needed to structure a well-researched and diversified portfolio for equities. Value Line’s products are available to individual investors by mail, at www.valueline.com or by calling1-800-VALUELINE (1-800-825-8354). Institutional services for professional investors, advisors, corporate, academic, and municipal libraries are offered at www.ValueLinePro.com, www.ValueLineLibrary.com and by calling 1-800-531-1425.Cautionary Statement Regarding Forward-Looking Information In this report, ""Value Line,” ""we,” ""us,” ""our” refers to Value Line, Inc. and ""the Company” refers to Value Line and its subsidiaries unless the context otherwise requires.This report contains statements that are predictive in nature, depend upon or refer to future events or conditions (including certain projections and business trends) accompanied by such phrases as ""believe”, ""estimate”, ""expect”, ""anticipate”, ""will”, ""intend” and other similar or negative expressions, that are ""forward-looking statements” as defined in the Private Securities Litigation Reform Act of 1995, as amended. Actual results for Value Line, Inc. (""Value Line” or ""the Company”) may differ materially from those projected as a result of certain risks and uncertainties, including but not limited to the following:maintaining revenue from subscriptions for the Company’s digital and print published products;changes in investment trends and economic conditions, including global financial issues;changes in Federal Reserve policies affecting interest rates and liquidity along with resulting effects on equity markets;stability of the banking system, including the success of U.S. government policies and actions in regard to banks with liquidity or capital issues, along with the associated impact on equity markets;continuation of orderly markets for equities and corporate and governmental debt securities;problems protecting intellectual property rights in Company methods and trademarks;problems protecting confidential information including customer confidential or personal information that we may possess;dependence on non-voting revenues and non-voting profits interests in EULAV Asset Management (""EAM” or ""EAM Trust”), and accordingly on its key management, investment management, and sales personnel. EAM Trust is a Delaware statutory trust, which serves as the investment advisor to the Value Line Funds and engages in related distribution, marketing and administrative services;fluctuations in EAM’s and third-party copyright assets under management due to evaluations by outside rating agencies, broadly based changes in the values of equity and debt securities, market sector variations, redemptions by investors and other factors including continuation of employment by key members of its management, investment management, and sales leadership;possible changes in the valuation of EAM’s intangible assets from time to time;possible changes in future revenues or collection of receivables from significant customers;dependence on key executive and specialist personnel of signification supplier and other firms;risks associated with the outsourcing of certain functions, technical facilities, and operations, including in some instances outside the U.S.;risks of increased tariffs and other restrictions affecting the cost and availability of materials, equipment, and other necessary inputs to the Company’s operations;competition in the fields of publishing, copyright and investment management, along with associated effects on the level and structure of prices and fees, and the mix of services delivered;the impact of government regulation on the Company’s and EAM’s businesses;federal and/or state legislative changes that might affect Value Line’s business;the availability of free or low cost investment information through discount brokers or generally over the internet;the economic and other impacts of global political and military conflicts, which could affect investor interest in stock market investing or cause assets under management in EAM to fall or to rise;continued availability of generally dependable energy supplies, transportation facilities, digital data and telephone transmission infrastructure in the geographic areas in which the company and certain suppliers operate;terrorist attacks, cyber attacks and natural disasters;the need for changes in our business plans because of unexpected events that occur;widespread illnesses which may drastically affect markets, employment, and other economic conditions, and may have additional unpredictable impacts on employees, suppliers, customers, and operations;changes in prices and availability of materials and other inputs and services, such as financial data, freight and postage, required by the Company;risk of short-term or long-term catastrophic computer problems associated with legacy software systems which could interrupt regular publication schedules;risk of inadequacy of our insurance coverage to compensate for potential losses;potential impact of vendors’ consolidation;other risks and uncertainties, including but not limited to the risks described in Part I, Item 1A, ""Risk Factors” of the Company’s Annual Report on Form 10-K for the year ended April 30, 2025 and in Part II, Item 1A of the Quarterly Report on Form 10-Q for the period ended October 31, 2025; and other risks and uncertainties arising from time to time. These factors are not necessarily all of the important factors that could cause actual results to differ materially from those expressed in any of our forward-looking statements. Other unknown or unpredictable factors which may involve external factors over which we may have no control could also have material adverse effects on future results. Likewise, changes we make in our plans, objectives, strategies, or intentions, which may occur at any time in our discretion, could also have material favorable or adverse effects on our future results. Except as otherwise required to be disclosed in periodic reports required to be filed by public companies with the SEC pursuant to the SEC's rules, we have no duty to update these statements, and we undertake no obligation to publicly update or revise any forward-looking statements, whether as a result of new information, future events or otherwise. In light of these risks and uncertainties, current plans, anticipated actions, and future financial conditions and results may differ from those expressed in any forward-looking information contained herein.Contact: Howard A. Brecher Value Line, Inc. 212-907-1500www.valueline.comwww.ValueLinePro.com, www.ValueLineLibrary.comFacebook | LinkedIn | TwitterComplimentary Value Line® Reports on Dow 30 Stocks",2025-12-15 19:41:38,manilatimes
V,"VALUE LINE, INC. ANNOUNCES EARNINGS","NEW YORK, Dec. 15, 2025 (GLOBE NEWSWIRE) -- Value Line, Inc., (NASDAQ: VALU) reported financial results for the first half of its fiscal year, ended October 31, 2025.During the six months ended October 31, 2025, the Company's net income of $12,142,000, or $1.29 per share, was 4.9% above net income of $11,572,000, or $1.23 per share, for the six months ended October 31, 2024. The Company's revenues of $10,275,000 from Eulav Asset Management (EAM) increased $1,404,000 or 15.8% above the prior fiscal year. During the six months ended October 31, 2025, the Company's total investment gains of $3,201,000 was 10.6% above total investment gains in the prior fiscal year. Retained earnings at October 31, 2025, were $119,426,000, an increase of 5.3% compared to retained earnings at April 30, 2025. Shareholders' equity reached $105,489,000 at October 31, 2025, an increase of 5.8% from the shareholders' equity of $99,678,000 as of April 30, 2025.The Company's quarterly report on Form 10-Q has been filed with the SEC and is available on the Company's website at www.valueline.com/About/corporate_filings.aspx. Shareholders may receive a printed copy, free of charge upon request to the Company at the address above, Attn: Corporate Secretary.Value Line is a leading provider of investment research. The Value Line Investment Survey is one of the most widely used sources of independent equity research. Value Line publishes proprietary investment research in separate print and digital formats. Value Line provides these specialized services: a. Value Line Select – Each month, Value Line analysts recommend the one exceptional stock with superior profit potential and a favorable risk/reward ratio. b. The Value Line Special Situations Service – Each month, Value Line analysts recommend small and mid-cap stocks that hold the potential to transform your portfolio by delivering returns that are well above the market average. c. Value Line Select ETFs – Each month, Value Line analysts sift through the myriad investment possibilities to identify the one exchange traded fund that appears best positioned to outperform the market. d. Value Line Select: Dividend Income & Growth – Each month Value Line analysts make two stock recommendations that are expected to provide above-average current income along with appealing long-term dividend growth prospects. e. The Value Line ETFs Service – includes data, information, and analysis on more than 2,800 exchange-traded funds (ETFs), to help subscribers select the best fit for their portfolios. f. The Value Line M&A Service – Value Line analysts highlight one company each month that is a candidate to be acquired by a larger entity at a material premium to the current stock price. g. Value Line Information You Should Know wealth newsletter – Value Line focuses on financial planning and investment issues that matter for today's investor. h. The Value Line Climate Change Investing Service – Value Line analysts target a critical issue – climate change, which is expected to spur transformation in the global economy for decades to come. i. Certain Value Line copyrights distributed under agreements including proprietary ranking system information and other information used in 3rd party products. j. The Value Line Options Survey – information and ranks on more than 600,000 options on stocks covering 90% of the market. k. The Value Line Fund Adviser Plus – covers some 19,000 funds, grouped into more than thirty Investment Objective Categories. Our proprietary Ranking System makes it simple to tell whether or not a particular fund ...Full story available on Benzinga.com",2025-12-15 19:32:00,benzinga
V,"VALUE LINE, INC. ANNOUNCES EARNINGS","NEW YORK, Dec. 15, 2025 (GLOBE NEWSWIRE) -- Value Line, Inc., (NASDAQ: VALU) reported financial results for the first half of its fiscal year, ended October 31, 2025.",2025-12-15 19:32:00,globenewswire
V,"VALUE LINE, INC. ANNOUNCES EARNINGS","NEW YORK, Dec. 15, 2025 (GLOBE NEWSWIRE) -- Value Line, Inc., (NASDAQ: VALU) reported financial results for the first half of its fiscal year, ended October 31, 2025.",2025-12-15 19:32:00,globenewswire_fr
V,"In NCLA Amicus Win, Wisconsin Supreme Court Finds Catholic Charities Eligible For Tax Exemption","(MENAFN - GlobeNewsWire - Nasdaq) Catholic Charities Bureau, Inc., et al. v. State of Wisconsin Labor and Industry Review Commission, State of Wisconsin Department of Workforce ...",2025-12-15 19:15:57,menafn
V,"Supreme Court Rules in Fidelity Bank’s Favour, Ends 20-Year Legal Battle With Sagecom","Supreme Court has ruled in Fidelity bank’s favour and ended a 20-year legal battle with Sagecom. NewsOnline Nigeria reports that a five-man panel of the Supreme Court, led by Justice Lawal Garba, has ruled in favour of Fidelity Bank in its appeal against Sagecom Concepts Limited, bringing to a close a legal dispute that [...]",2025-12-15 18:37:17,primanews
V,Barnes & Noble Bet Supercharges Huebner Oaks Revival,"Barnes & Noble is set to open at Huebner Oaks, taking part of the former Bed Bath & Beyond as renovations aim to finish by June and joining Trader Joe’s.",2025-12-15 17:11:29,hoodline
V,States unite to defend road safety in Supreme Court case,"(The views expressed here are solely those of the author and do not necessarily represent the views of FreightWaves or its affiliates.) In a major legal battle at the U.S. Supreme Court, 29 states plus the District of Columbia have joined forces to support a truck accident victim. Their amicus or “friend of the court” [...]The post States unite to defend road safety in Supreme Court case appeared first on FreightWaves.",2025-12-15 17:10:19,freightwaves
V,"PURCHASERS OF ZOA ENERGY DRINKS LABELED WITH ""0 PRESERVATIVES"" MAY BE ENTITLED TO A PAYMENT FROM A CLASS ACTION SETTLEMENT","PHILADELPHIA, Dec. 15, 2025 /PRNewswire/ -- The following statement is being issued by Kroll Settlement Administration regarding Mikhail Gershzon v. ZOA Energy, LLC, Case No. 3:23-cv-5444-JD (N.D. Cal.). A Settlement has been reached in a class action lawsuit against ZOA Energy, LLC...",2025-12-15 16:45:00,cision
MA,Zenas BioPharma (NASDAQ:ZBIO) Shares Down 9.9% – Should You Sell?,"Zenas BioPharma, Inc. (NASDAQ:ZBIO – Get Free Report)’s share price was down 9.9% on Monday . The company traded as low as $36.51 and last traded at $36.57. Approximately 109,686 shares were traded during mid-day trading, a decline of 56% from the average daily volume of 247,646 shares. The stock had previously closed at $40.59. [...]",2025-12-15 19:46:48,tickerreport
MA,"$365 Bet365 bonus code SYRACUSE in MO for NFL, NBA Monday","Use with Bet365 bonus code SYRACUSE in Missouri for a guaranteed Bet $10, Get $365 promo. Wager on the Dolphins vs. Steelers MNF matchup tonight, Dec 15, or any NBA games, to secure your bonus instantly.",2025-12-15 19:45:00,syracuse
MA,"Weekly Bankruptcy Alert December 15, 2025 (For the Week Ending December 14, 2025)","Covering reported business bankruptcy filings in Massachusetts, Maine, New Hampshire, and Rhode Island, and Chapter 11 bankruptcy filings in New York and Delaware listing assets of more than $1 million.Because your business extends beyond the borders of a single state, ours does too. Today, we are a multi-disciplinary team of highly creative, hard working, responsive, business savvy and experienced bankruptcy and creditors’ rights professionals serving you from offices located in four New England states and the District of Columbia.Chapter 11Debtor NameBusinessType1BankruptcyCourtAssetsLiabilitiesFilingDate52 Salem Street LLC(Boston, MA)Not DisclosedBoston(MA)$1,000,001to$10 Million$1,000,001to$10 Million12/8/25PSCD Trinity, LLC(Watertown, MA)Activities Related to Real EstateBoston(MA)$50,000,001to$100 Million$50,000,001to$100 Million12/8/25BSG Corp.(New York, NY)Navigational, Measuring, Electromedical, and Control Instruments Manufacturing... Read the complete article here...©2025 Pierce Atwood LLP. All rights reserved.",2025-12-15 19:14:33,natlawreview
MA,Wells Fargo & Company Raises Nucor (NYSE:NUE) Price Target to $178.00,"Nucor (NYSE:NUE – Get Free Report) had its price objective increased by stock analysts at Wells Fargo & Company from $167.00 to $178.00 in a research note issued on Monday,Benzinga reports. The firm currently has an “overweight” rating on the basic materials company’s stock. Wells Fargo & Company‘s price target would suggest a potential upside [...]",2025-12-15 19:00:44,watchlistnews
MA,Boston Chimney Masters Expands Premium Chimney Sweep & Safety Services Across Greater Boston,"As Boston's housing market continues to evolve with both historic properties and modern renovations, chimney safety has become a growing concern for homeowners seeking reliable, certified professionals. Stepping up to meet this need, Boston Chimney Masters [https://bostonchimneymasters.club/], a trusted local",2025-12-15 18:43:19,openpr
MA,Cambridge Garage Door Service Highlights 2025 Essential Home Safety Upgrades for Local Homeowners,"Cambridge, MA - As homeowners throughout Cambridge look for ways to enhance property safety and reduce unexpected repair costs, Cambridge Garage Door Service [https://cambridgegaragedoorservice.biz/] is offering an updated breakdown of the most important garage door maintenance and upgrade solutions for",2025-12-15 18:38:03,openpr
MA,"AT&T Settlement Deadline Is Thursday: How to Claim Up to $7,500","After the filing window closes, all submissions will be reviewed, and payments will start going out once the court grants final approval on Jan. 15. The post AT&T Settlement Deadline Is Thursday: How to Claim Up to $7,500 appeared first on The State.",2025-12-15 18:19:03,thestate
MA,"AT&T Settlement Deadline Is Thursday: How to Claim Up to $7,500","After the filing window closes, all submissions will be reviewed, and payments will start going out once the court grants final approval on Jan. 15. The post AT&T Settlement Deadline Is Thursday: How to Claim Up to $7,500 appeared first on Macon Telegraph.",2025-12-15 18:19:03,macon
MA,"AT&T Settlement Deadline Is Thursday: How to Claim Up to $7,500","After the filing window closes, all submissions will be reviewed, and payments will start going out once the court grants final approval on Jan. 15. The post AT&T Settlement Deadline Is Thursday: How to Claim Up to $7,500 appeared first on The Sacramento Bee.",2025-12-15 18:19:03,sacbee
MA,"AT&T Settlement Deadline Is Thursday: How to Claim Up to $7,500","After the filing window closes, all submissions will be reviewed, and payments will start going out once the court grants final approval on Jan. 15. The post AT&T Settlement Deadline Is Thursday: How to Claim Up to $7,500 appeared first on Biloxi Sun Herald.",2025-12-15 18:19:03,sunherald
UNH,Healthcare Stocks To Keep An Eye On – December 15th,"UnitedHealth Group, Johnson & Johnson, Intuitive Surgical, HCA Healthcare, Medtronic, Cencora, and Hims & Hers Health are the seven Healthcare stocks to watch today, according to MarketBeat’s stock screener tool. Healthcare stocks are shares of publicly traded companies that operate in the healthcare industry, including pharmaceuticals, biotechnology, medical device makers, healthcare providers and facilities, and [...]",2025-12-15 18:23:16,watchlistnews
UNH,WT Wealth Management Makes New Investment in UnitedHealth Group Incorporated $UNH,"WT Wealth Management bought a new stake in UnitedHealth Group Incorporated (NYSE:UNH – Free Report) during the 2nd quarter, according to the company in its most recent Form 13F filing with the Securities & Exchange Commission. The institutional investor bought 7,806 shares of the healthcare conglomerate’s stock, valued at approximately $2,435,000. Several other institutional investors [...]",2025-12-15 17:36:45,themarketsdaily
UNH,Rydar Equities Inc. Makes New Investment in UnitedHealth Group Incorporated $UNH,"Rydar Equities Inc. purchased a new position in shares of UnitedHealth Group Incorporated (NYSE:UNH – Free Report) in the 2nd quarter, according to the company in its most recent filing with the SEC. The institutional investor purchased 2,337 shares of the healthcare conglomerate’s stock, valued at approximately $729,000. A number of other institutional investors and [...]",2025-12-15 17:02:45,tickerreport
UNH,"Orion Porfolio Solutions LLC Sells 6,551 Shares of UnitedHealth Group Incorporated $UNH","Orion Porfolio Solutions LLC decreased its position in shares of UnitedHealth Group Incorporated (NYSE:UNH – Free Report) by 7.4% in the second quarter, according to the company in its most recent Form 13F filing with the Securities & Exchange Commission. The institutional investor owned 81,522 shares of the healthcare conglomerate’s stock after selling 6,551 shares [...]",2025-12-15 16:28:47,themarketsdaily
UNH,"Provident Investment Management Inc. Sells 84,546 Shares of UnitedHealth Group Incorporated $UNH","Provident Investment Management Inc. trimmed its holdings in shares of UnitedHealth Group Incorporated (NYSE:UNH – Free Report) by 96.6% during the 2nd quarter, Holdings Channel reports. The institutional investor owned 2,992 shares of the healthcare conglomerate’s stock after selling 84,546 shares during the period. Provident Investment Management Inc.’s holdings in UnitedHealth Group were worth $933,000 [...]",2025-12-15 16:28:47,themarketsdaily
UNH,Valeo Financial Advisors LLC Raises Stock Holdings in UnitedHealth Group Incorporated $UNH,"Valeo Financial Advisors LLC raised its stake in shares of UnitedHealth Group Incorporated (NYSE:UNH – Free Report) by 45.4% in the second quarter, according to the company in its most recent disclosure with the Securities and Exchange Commission (SEC). The fund owned 20,173 shares of the healthcare conglomerate’s stock after acquiring an additional 6,299 shares [...]",2025-12-15 15:54:43,thelincolnianonline
UNH,Rep. Richard McCormick Buys UnitedHealth Group Incorporated (NYSE:UNH) Shares,"Representative Richard McCormick (R-Georgia) recently bought shares of UnitedHealth Group Incorporated (NYSE:UNH). In a filing disclosed on December 09th, the Representative disclosed that they had bought between $1,001 and $15,000 in UnitedHealth Group stock on November 5th. Representative Richard McCormick also recently made the following trade(s): Purchased $1,001 – $15,000 in shares of PepsiCo (NASDAQ:PEP) [...]",2025-12-15 15:20:45,themarketsdaily
UNH,"SevenBridge Financial Group LLC Acquires 1,570 Shares of UnitedHealth Group Incorporated $UNH","SevenBridge Financial Group LLC boosted its stake in shares of UnitedHealth Group Incorporated (NYSE:UNH – Free Report) by 19.0% in the 2nd quarter, according to the company in its most recent 13F filing with the Securities and Exchange Commission (SEC). The fund owned 9,829 shares of the healthcare conglomerate’s stock after purchasing an additional 1,570 [...]",2025-12-15 14:44:49,watchlistnews
UNH,UnitedHealth Group Incorporated $UNH Shares Sold by Thrivent Financial for Lutherans,"Thrivent Financial for Lutherans reduced its stake in UnitedHealth Group Incorporated (NYSE:UNH – Free Report) by 26.2% during the 2nd quarter, according to its most recent Form 13F filing with the Securities & Exchange Commission. The institutional investor owned 498,486 shares of the healthcare conglomerate’s stock after selling 177,427 shares during the quarter. Thrivent Financial [...]",2025-12-15 14:12:45,themarketsdaily
UNH,Top Medical Stocks To Research – December 14th,"Eli Lilly and Company, UnitedHealth Group, Johnson & Johnson, Pfizer, AbbVie, Merck & Co., Inc., and Intuitive Surgical are the seven Medical stocks to watch today, according to MarketBeat’s stock screener tool. Medical stocks are shares of companies whose primary businesses involve developing, manufacturing, distributing, or providing services related to medical products and healthcare—such as [...]",2025-12-15 13:36:44,watchlistnews
XOM,Oil Stocks To Consider – December 15th,"Exxon Mobil, Chevron, Cheniere Energy, Valero Energy, ConocoPhillips, Occidental Petroleum, and EOG Resources are the seven Oil stocks to watch today, according to MarketBeat’s stock screener tool. Oil stocks are shares of companies whose primary business is the exploration, extraction, production, refining, transportation, or servicing of crude oil and petroleum products. They include integrated oil [...]",2025-12-15 18:23:14,thelincolnianonline
XOM,Stocks Turn Lower on AI Spending Concerns,"The S&P 500 Index ($SPX ) (SPY ) today is down by -0.15%, the Dow Jones Industrials Index ($DOWI ) (DIA ) is down by -0.24%, and the Nasdaq 100 Index ($IUXX ) (QQQ ) is down by -0.26%. December E-mini S&P futures (ESZ25 ) are down -0.18%, an...",2025-12-15 16:56:50,barchart
XOM,"Tribridge Partners Financial LLC Takes $882,000 Position in Exxon Mobil Corporation $XOM","Tribridge Partners Financial LLC acquired a new stake in Exxon Mobil Corporation (NYSE:XOM – Free Report) in the 2nd quarter, according to its most recent disclosure with the Securities and Exchange Commission. The firm acquired 8,186 shares of the oil and gas company’s stock, valued at approximately $882,000. Exxon Mobil comprises approximately 0.5% of Tribridge [...]",2025-12-15 15:56:43,thelincolnianonline
XOM,"V. M. Manning & CO. Inc. Invests $484,000 in Exxon Mobil Corporation $XOM","V. M. Manning & CO. Inc. purchased a new stake in Exxon Mobil Corporation (NYSE:XOM – Free Report) in the second quarter, according to its most recent 13F filing with the Securities & Exchange Commission. The institutional investor purchased 4,230 shares of the oil and gas company’s stock, valued at approximately $484,000. Several other hedge [...]",2025-12-15 15:22:44,tickerreport
XOM,"Kentucky Retirement Systems Insurance Trust Fund Sells 8,292 Shares of Exxon Mobil Corporation $XOM","Kentucky Retirement Systems Insurance Trust Fund lowered its stake in Exxon Mobil Corporation (NYSE:XOM – Free Report) by 6.5% during the second quarter, according to the company in its most recent Form 13F filing with the SEC. The fund owned 119,626 shares of the oil and gas company’s stock after selling 8,292 shares during the [...]",2025-12-15 14:44:51,themarketsdaily
XOM,"4,756 Shares in Exxon Mobil Corporation $XOM Acquired by North Dallas Bank & Trust Co.","North Dallas Bank & Trust Co. acquired a new stake in Exxon Mobil Corporation (NYSE:XOM – Free Report) during the 2nd quarter, HoldingsChannel.com reports. The fund acquired 4,756 shares of the oil and gas company’s stock, valued at approximately $513,000. Other hedge funds also recently bought and sold shares of the company. Elequin Capital LP [...]",2025-12-15 14:44:50,themarketsdaily
XOM,MASTERINVEST Kapitalanlage GmbH Purchases New Position in Exxon Mobil Corporation $XOM,"MASTERINVEST Kapitalanlage GmbH purchased a new position in Exxon Mobil Corporation (NYSE:XOM – Free Report) in the second quarter, according to the company in its most recent disclosure with the Securities and Exchange Commission. The institutional investor purchased 24,676 shares of the oil and gas company’s stock, valued at approximately $2,660,000. Other institutional investors also [...]",2025-12-15 13:36:45,themarketsdaily
XOM,Nomura Holdings Inc. Grows Stake in Exxon Mobil Corporation $XOM,"Nomura Holdings Inc. boosted its position in shares of Exxon Mobil Corporation (NYSE:XOM – Free Report) by 426.4% during the second quarter, according to the company in its most recent Form 13F filing with the SEC. The institutional investor owned 133,600 shares of the oil and gas company’s stock after purchasing an additional 108,218 shares [...]",2025-12-15 12:32:52,watchlistnews
XOM,Osaic Holdings Inc. Boosts Position in Exxon Mobil Corporation $XOM,"Osaic Holdings Inc. grew its holdings in Exxon Mobil Corporation (NYSE:XOM – Free Report) by 20.2% during the 2nd quarter, Holdings Channel reports. The fund owned 2,006,112 shares of the oil and gas company’s stock after purchasing an additional 337,030 shares during the period. Osaic Holdings Inc.’s holdings in Exxon Mobil were worth $218,234,000 as [...]",2025-12-15 12:32:50,watchlistnews
XOM,Osaic Holdings Inc. Grows Holdings in Exxon Mobil Corporation $XOM,"Osaic Holdings Inc. grew its stake in shares of Exxon Mobil Corporation (NYSE:XOM – Free Report) by 20.2% in the second quarter, according to its most recent disclosure with the Securities and Exchange Commission. The firm owned 2,006,112 shares of the oil and gas company’s stock after purchasing an additional 337,030 shares during the quarter. [...]",2025-12-15 12:32:45,tickerreport
WMT,Nasdaq 100 Faces a Test as Economic Data and Earnings Reset Market Expectations,"Market Analysis by covering: Nasdaq 100, FedEx Corporation, Cintas Corporation, S&P 500. Read 's Market Analysis on Investing.com",2025-12-15 18:32:00,investing_us
WMT,NFWF Announces $3.6 Million in Grants from Walmart’s Acres for America Program,"Five new grants will benefit wildlife, boost outdoor recreation and strengthen local economies Five new grants will benefit wildlife, boost outdoor recreation and strengthen local economies",2025-12-15 15:00:00,globenewswire_fr
WMT,"Thompson Davis & CO. Inc. Buys 37,490 Shares of Walmart Inc. $WMT","Thompson Davis & CO. Inc. boosted its stake in shares of Walmart Inc. (NASDAQ:WMT – Free Report) by 524.2% during the second quarter, according to the company in its most recent filing with the Securities & Exchange Commission. The fund owned 44,642 shares of the retailer’s stock after acquiring an additional 37,490 shares during the [...]",2025-12-15 14:44:51,watchlistnews
WMT,Walmart Inc. $WMT Stock Position Decreased by Kentucky Retirement Systems,"Kentucky Retirement Systems decreased its holdings in shares of Walmart Inc. (NASDAQ:WMT – Free Report) by 6.2% during the 2nd quarter, Holdings Channel.com reports. The fund owned 278,214 shares of the retailer’s stock after selling 18,232 shares during the period. Walmart makes up approximately 0.8% of Kentucky Retirement Systems’ portfolio, making the stock its 18th [...]",2025-12-15 14:44:50,watchlistnews
WMT,Thompson Davis & CO. Inc. Boosts Stock Position in Walmart Inc. $WMT,"Thompson Davis & CO. Inc. boosted its holdings in shares of Walmart Inc. (NASDAQ:WMT – Free Report) by 524.2% in the 2nd quarter, according to the company in its most recent 13F filing with the Securities & Exchange Commission. The firm owned 44,642 shares of the retailer’s stock after purchasing an additional 37,490 shares during [...]",2025-12-15 14:44:47,tickerreport
WMT,Walmart Inc. $WMT Shares Sold by Kentucky Retirement Systems,"Kentucky Retirement Systems lessened its position in shares of Walmart Inc. (NASDAQ:WMT – Free Report) by 6.2% in the second quarter, according to the company in its most recent Form 13F filing with the Securities and Exchange Commission. The firm owned 278,214 shares of the retailer’s stock after selling 18,232 shares during the period. Walmart [...]",2025-12-15 14:44:47,tickerreport
WMT,Thrivent Financial for Lutherans Has $233.17 Million Stock Holdings in Walmart Inc. $WMT,"Thrivent Financial for Lutherans trimmed its holdings in Walmart Inc. (NASDAQ:WMT – Free Report) by 2.3% in the second quarter, according to its most recent disclosure with the Securities & Exchange Commission. The fund owned 2,385,177 shares of the retailer’s stock after selling 56,897 shares during the quarter. Walmart comprises 0.5% of Thrivent Financial for [...]",2025-12-15 14:12:43,watchlistnews
WMT,"Thrivent Financial for Lutherans Sells 56,897 Shares of Walmart Inc. $WMT","Thrivent Financial for Lutherans reduced its holdings in Walmart Inc. (NASDAQ:WMT – Free Report) by 2.3% during the 2nd quarter, according to the company in its most recent disclosure with the SEC. The fund owned 2,385,177 shares of the retailer’s stock after selling 56,897 shares during the quarter. Walmart comprises 0.5% of Thrivent Financial for [...]",2025-12-15 14:12:42,tickerreport
WMT,"Marex Group plc Purchases Shares of 6,133 Walmart Inc. $WMT","Marex Group plc acquired a new position in Walmart Inc. (NASDAQ:WMT – Free Report) during the 2nd quarter, Holdings Channel reports. The firm acquired 6,133 shares of the retailer’s stock, valued at approximately $600,000. A number of other institutional investors and hedge funds also recently made changes to their positions in WMT. Access Investment Management [...]",2025-12-15 13:36:45,themarketsdaily
WMT,MASTERINVEST Kapitalanlage GmbH Buys New Stake in Walmart Inc. $WMT,"MASTERINVEST Kapitalanlage GmbH bought a new stake in shares of Walmart Inc. (NASDAQ:WMT – Free Report) during the 2nd quarter, Holdings Channel reports. The firm bought 76,672 shares of the retailer’s stock, valued at approximately $7,497,000. Several other institutional investors and hedge funds also recently modified their holdings of WMT. Vanguard Group Inc. raised its [...]",2025-12-15 13:36:44,watchlistnews
COST,Cheap Gift Wrap Ideas That Make The Holidays More Affordable,"If you search high and low for a good deal on an even better gift, you don’t want to undo the effort of that bargain shopping with expensive gift wrap. The good news is there are ways to cut down...",2025-12-15 19:51:26,yakimaherald
COST,"Ardent Health, Inc. (NYSE: ARDT) Investigation Alert: Johnson Fistel Reviews Accounting Adjustment and Liability Reserve Increase Following Stock Drop","SAN DIEGO, Dec. 15, 2025 /PRNewswire/ -- Shareholder rights law firm Johnson Fistel, PLLP is investigating whether Ardent Health, Inc. (NYSE: ARDT) or certain of its officers and directors violated federal securities laws by making false or misleading statements and/or...",2025-12-15 19:49:00,wvnews
COST,"Crypto market crash reason: Why Bitcoin price (BTC USD), Ethereum, XRP are down today","Bitcoin, Ethereum, XRP crash: The crypto market faced a sharp decline on Monday, with Bitcoin, Ethereum, and XRP experiencing significant price drops and massive liquidations. The sell-off raised questions about market manipulation as major crypto stocks also suffered losses.",2025-12-15 19:48:59,economictimes_indiatimes
COST,"AI Insurance Assistant Market Is Going to Boom | Major Giants IBM, Google, Microsoft, Salesforce, Amazon, Lemonade","HTF MI just released the Global AI Insurance Assistant Market Study, a comprehensive analysis of the market that spans more than 143+ pages and describes the product and industry scope as well as the market prognosis and status for 2024-2033.",2025-12-15 19:47:41,openpr
COST,Zenas BioPharma (NASDAQ:ZBIO) Shares Down 9.9% – Should You Sell?,"Zenas BioPharma, Inc. (NASDAQ:ZBIO – Get Free Report)’s share price was down 9.9% on Monday . The company traded as low as $36.51 and last traded at $36.57. Approximately 109,686 shares were traded during mid-day trading, a decline of 56% from the average daily volume of 247,646 shares. The stock had previously closed at $40.59. [...]",2025-12-15 19:46:48,tickerreport
COST,MADMIA Unveils 50 Off Sale Across Its Socks and Accessories Collection,"Image: https://www.globalnewslines.com/uploads/2025/12/1765789338.jpgAn exciting new sale invites shoppers to explore standout styles, added value, and a fresh reason to revisit the collection.Mascot, NSW - December 15, 2025 - MADMIA unveils a 50 Off Sale across its socks and accessories collection. The",2025-12-15 19:46:03,openpr
COST,"Johnson Fistel Investigates Claims on Behalf of Molina Healthcare, Inc. (MOH) Shareholders","SAN DIEGO, Dec. 15, 2025 /PRNewswire/ -- Johnson Fistel, PLLP is investigating potential derivative claims on behalf of Molina Healthcare, Inc. (NYSE: MOH) regarding alleged fiduciary breaches tied to undisclosed medical cost trends. The related class action covers February 5, 2025...",2025-12-15 19:46:00,cision
COST,"Johnson Fistel Investigates Claims on Behalf of Molina Healthcare, Inc. (MOH) Shareholders","SAN DIEGO, Dec. 15, 2025 /PRNewswire/ -- Johnson Fistel, PLLP is investigating potential derivative claims on behalf of Molina Healthcare, Inc. (NYSE: MOH) regarding alleged fiduciary breaches tied to undisclosed medical cost trends.",2025-12-15 19:46:00,wvnews
COST,Should You Buy the Dip in Oracle Stock and Hold for 2026?,Oracle's stock plunged by 11% to have its worst day since the turn of the century.,2025-12-15 19:45:38,barchart
COST,Natural gas loses industrial buyers as liquid fuels turn cheaper,"City gas distributors are facing challenges acquiring new industrial and commercial customers due to natural gas being costlier than competing liquid fuels. New factory connections dropped 39% and commercial additions fell 17% in the first half of the financial year, as cheaper LPG and propane are displacing natural gas.",2025-12-15 19:44:49,economictimes_indiatimes
HD,SEHMUA Holiday Sales: Affordable and Cozy Christmas Gifts for Every Budget,"When the Christmas lights begin to glow, are you searching for a gift that feels both thoughtful and delightfully unexpected?This year, unwrap something truly unique-put security and exploration into the same gift box.SEHMUA has handpicked five holiday-ready products that can",2025-12-15 19:38:04,openpr
HD,JSW MG Motor India Launches the All-New Hector,"JSW MG Motor India announced the launch of the All-New MG Hector, marking a significant step forward in bold design, unrivalled comfort, pioneering technology and dynamic driving experience in the SUV segment at Automotive MG showroom at Bowenpally, Hyderabad. The All-New Hector features a striking exterior with a new front and rear bumper design, an all-new grille design, new alloy wheels, and offers two new colours - Celadon Blue and Pearl White. The interiors sport Dual Tone Ice Grey Theme in the 5-seater trim and Dual Tone Urban Tan for the 6 and 7-seater trims, creating a more premium and inviting cabin ambience. The All-New MG Hector range comes at a starting price of INR 11.99 lakh (Ex-Showroom).All-New MG HectorThe All-New MG Hector features the new Aura Hex Grille, a bold hexagonal structure that symbolises strength and precision. Adding to its confident road presence are the newly designed Aura Sculpt Bumpers at the front and rear, shaped to deliver a muscular, assertive stance from every angle. The SUV also sports the dynamic Aura Bolt Alloy Wheels, strong and expressive alloys designed to convey power even at standstill. Two contemporary new exterior colours, Celadon Blue and Pearl White, further elevate its modern design appeal, making The All-New Hector more stylish and attention-grabbing than ever.The plush interiors of the All-New MG Hector will now offer two new colour themes- Dual Tone Urban Tan for the 6 and 7-seater variants, inspired by modern urban aesthetics to create a warm, upscale, and inviting ambiance, and Dual Tone Ice Grey for the 5-seater variant, featuring a sleek black-and-grey palette that delivers a refined and tech-forward environment. The theme and interiors are further elevated with Hydra Gloss Finish Accents, with hydrophobic black-blue inserts that add depth, elegance, and long-lasting durability. Complementing this elevated design are fabric inserts on the seats and Leather Pack*: dashboard, doors and console, Front Ventilated Seats, Telescopic & Tilt, Adjustable Steering and 6-Way Power Adjustable Driver Seat, enhancing comfort while maintaining a perfect balance of craftsmanship and everyday practicality. The All-New Hector’s infotainment experience with its largest-in-segment (14-inch) HD portrait touch screen receives a significant performance boost through Smart Boost technology, offering enhanced processing for a smoother, faster, and seamless interface. The system’s responsiveness ensures an effortless and premium digital experience. Adding to this is the all-new and first-in-segment i-SWIPE Touch Gesture Control, enabling intuitive multi-touch operations such as two- and three-finger swipes for AC, music, and navigation. The innovative Digital Bluetooth® Key and Key Sharing capability* along with Predictive Maintenance Alerts, a first in the segment, Remote AC Control, offers enhanced convenience. This smartphone-like interaction elevates convenience and driving pleasure. The Full Digital Cluster with a 17.78 cm Embedded LCD Screen provides a modern and intuitive driver interface.Speaking on the launch, Anurag Mehrotra, Managing Director, JSW MG Motor India, said, “The Hector was our maiden nameplate and quickly became synonymous with the MG brand, emerging as one of India’s most loved SUVs with 1,50,000 customers since its debut. With the All-New MG Hector, we take this legacy a notch higher by enhancing its design, comfort, and technology, offering an unmatched value proposition. We believe truly advanced mobility should not be an exclusive luxury reserved for the few. With this superior package, The All-New MG Hector will further democratize technology while setting a new benchmark for what a premium SUV can deliver.”Commenting on the launch, Mr. Rajiv Sanghvi, Executive Director, Automotive Manufacturers Private Limited, said, “We are delighted to introduce the all-new MG Hector, with its bold new Aura Hex grille, India’s largest 14-inch portrait infotainment screen and advanced i-SWIPE touch gesture controls, the new Hector elevates the premium SUV experience. We are confident that this launch will further excite customers and strengthen Automotive MG’s position in the premium SUV segment.”",2025-12-15 18:18:26,smestreet
HD,Civil Air Patrol Expands Fleet With 15 New Cessna Aircraft to Support Lifesaving and Community Missions,"Latest deliveries bring CAP’s Cessna fleet to more than 500 aircraft nationwide INDEPENDENCE, Kan. — Textron Aviation Inc., a Textron Inc. (NYSE: TXT) company, announced today that Civil Air Patrol (CAP), the world’s largest operator of Cessna aircraft, is strengthening its national mission capabilities with an order for 15 additional piston-engine aircraft, including seven Cessna [...]",2025-12-15 16:05:43,financialpost
HD,Civil Air Patrol Expands Fleet With 15 New Cessna Aircraft to Support Lifesaving and Community Missions,"INDEPENDENCE, Kan.--(BUSINESS WIRE)--Dec 15, 2025--",2025-12-15 16:00:28,joplinglobe
HD,"Tribridge Partners Financial LLC Buys Shares of 1,551 The Home Depot, Inc. $HD","Tribridge Partners Financial LLC bought a new position in shares of The Home Depot, Inc. (NYSE:HD – Free Report) during the 2nd quarter, according to its most recent 13F filing with the SEC. The fund bought 1,551 shares of the home improvement retailer’s stock, valued at approximately $569,000. Home Depot makes up about 0.3% of [...]",2025-12-15 15:24:51,themarketsdaily
HD,"Orion Porfolio Solutions LLC Purchases 1,516 Shares of The Home Depot, Inc. $HD","Orion Porfolio Solutions LLC raised its position in The Home Depot, Inc. (NYSE:HD – Free Report) by 1.9% in the 2nd quarter, Holdings Channel.com reports. The firm owned 83,063 shares of the home improvement retailer’s stock after buying an additional 1,516 shares during the period. Orion Porfolio Solutions LLC’s holdings in Home Depot were worth [...]",2025-12-15 15:24:51,watchlistnews
HD,"Orion Porfolio Solutions LLC Buys 1,516 Shares of The Home Depot, Inc. $HD","Orion Porfolio Solutions LLC raised its position in The Home Depot, Inc. (NYSE:HD – Free Report) by 1.9% during the second quarter, according to its most recent 13F filing with the SEC. The fund owned 83,063 shares of the home improvement retailer’s stock after buying an additional 1,516 shares during the period. Orion Porfolio Solutions [...]",2025-12-15 15:24:50,tickerreport
HD,"Rep. Julie Johnson Sells Off Shares of The Home Depot, Inc. (NYSE:HD)","Representative Julie Johnson (D-Texas) recently sold shares of The Home Depot, Inc. (NYSE:HD). In a filing disclosed on December 11th, the Representative disclosed that they had sold between $1,001 and $15,000 in Home Depot stock on November 13th. The trade occurred in the Representative’s “CHASE BROKERAGE ACCOUNT (3935)” account. Representative Julie Johnson also recently made [...]",2025-12-15 14:48:46,themarketsdaily
HD,Smart TV Stick Market Revenues To Grow At Nearly 5.4% From 2025 To 2034,"Global Smart TV Stick Market size was valued at USD 27.89 Billion in 2025 and expected to reach USD 44.77 Billion by 2034, at a CAGR of 5.4% during the forecast period 2025 - 2034.A Smart TV stick is a",2025-12-15 14:41:10,openpr
HD,"Kentucky Retirement Systems Insurance Trust Fund Sells 1,871 Shares of The Home Depot, Inc. $HD","Kentucky Retirement Systems Insurance Trust Fund cut its holdings in shares of The Home Depot, Inc. (NYSE:HD – Free Report) by 6.5% during the 2nd quarter, according to its most recent Form 13F filing with the Securities and Exchange Commission (SEC). The fund owned 26,985 shares of the home improvement retailer’s stock after selling 1,871 [...]",2025-12-15 14:14:45,watchlistnews
NFLX,"""Streaming Stocks NFLX AMZN ROKU TOON PSKY to Watch Now!""","As the global streaming and digital media landscape enters a new phase of consolidation, platform competition, and content monetization, investors are increasingly focused on streaming stocks with scale, growth catalysts, and acquisition optionality. From established giants to emerging IP-driven players,",2025-12-15 19:08:02,openpr
NFLX,Wall Street Lunch: Tesla To The Moon,Wedbush says Tesla market cap will hit $2T next year. ServiceNow slumps on deal report. Netflix leadership seeks to assuage deal worries.,2025-12-15 17:35:33,seekingalpha
NFLX,Netflix to Announce Fourth Quarter 2025 Financial Results,"LOS GATOS, Calif., Dec. 15, 2025 /PRNewswire/ -- Netflix, Inc. (NASDAQ: NFLX) today announced it will post its fourth quarter 2025 financial results and business outlook on its investor relations website at http://ir.netflix.net on Tuesday January 20th, 2026, at approximately 1:01 p.m....",2025-12-15 17:00:00,cision
NFLX,Wolfe Research Lowers Netflix (NASDAQ:NFLX) Price Target to $121.00,"Netflix (NASDAQ:NFLX – Get Free Report) had its target price reduced by analysts at Wolfe Research from $139.00 to $121.00 in a note issued to investors on Monday,MarketScreener reports. The brokerage presently has an “outperform” rating on the Internet television network’s stock. Wolfe Research’s price objective suggests a potential upside of 27.88% from the stock’s [...]",2025-12-15 14:51:44,watchlistnews
NFLX,Netflix (NASDAQ:NFLX) Price Target Lowered to $121.00 at Wolfe Research,"Netflix (NASDAQ:NFLX – Get Free Report) had its price objective cut by Wolfe Research from $139.00 to $121.00 in a research note issued on Monday,MarketScreener reports. The brokerage presently has an “outperform” rating on the Internet television network’s stock. Wolfe Research’s price objective would suggest a potential upside of 27.88% from the stock’s current price. [...]",2025-12-15 14:51:42,tickerreport
NFLX,2026 S&P Outlook: Why REITs Could Deliver Both Income And Alpha,"The S&P 500 (SP500) is rated a buy, with a projected 2026 target of at least 8,000, driven by AI enthusiasm and anticipated lower rates.",2025-12-15 14:30:00,seekingalpha
NFLX,Netflix Leadership Defends $82.7B Warner Bros. Deal Amid Rival Bid: Report,"According to a Bloomberg report, the co-CEOs of Netflix, Greg Peters and Ted Sarandos, outlined their position to employees on Monday, aiming to address worries over potential layoffs and the future of theatrical releases.",2025-12-15 13:45:17,newsable_asianetnews
NFLX,Netflix (NASDAQ:NFLX) Shares Acquired Rep. Cleo Fields,"Representative Cleo Fields (D-Louisiana) recently bought shares of Netflix, Inc. (NASDAQ:NFLX). In a filing disclosed on December 10th, the Representative disclosed that they had bought between $100,001 and $250,000 in Netflix stock on November 20th. The trade occurred in the Representative’s “MORGAN STANLEY – E*TRADE #2” account. Representative Cleo Fields also recently made the following [...]",2025-12-15 13:14:43,watchlistnews
NFLX,Starz Entertainment: Seeds Are Planted For A Turnaround (Rating Upgrade),Starz Entertainment's Canadian restructuring transitions to a content licensing model. Read why STRZ stock is upgraded to a Hold.,2025-12-15 09:17:33,seekingalpha
NFLX,IMAX Corporation: Investor Day Sets Path For Strong Upside,"IMAX delivered ambitious mid-term guidance at its recent investor day, sparking a share price rally. Read why IMAX stock is a Strong Buy.",2025-12-15 08:33:50,seekingalpha
